cve_id,change_type,date_updated,shard,run_utc
CVE-2020-37256,added,,cve_2022_and_before,2026-06-26T10:21:45+00:00
CVE-2021-47986,added,,cve_2022_and_before,2026-06-26T10:21:45+00:00
CVE-2021-47987,added,,cve_2022_and_before,2026-06-26T10:21:45+00:00
CVE-2023-4727,updated,2026-06-26,cve_2023_to_2025,2026-06-26T10:21:45+00:00
CVE-2023-6484,updated,2026-06-26,cve_2023_to_2025,2026-06-26T10:21:45+00:00
CVE-2023-6955,updated,2026-06-25,cve_2023_to_2025,2026-06-26T10:21:45+00:00
CVE-2023-39328,updated,2026-06-26,cve_2023_to_2025,2026-06-26T10:21:45+00:00
CVE-2023-40547,updated,2026-06-26,cve_2023_to_2025,2026-06-26T10:21:45+00:00
CVE-2023-40548,updated,2026-06-26,cve_2023_to_2025,2026-06-26T10:21:45+00:00
CVE-2024-2199,updated,2026-06-26,cve_2023_to_2025,2026-06-26T10:21:45+00:00
CVE-2024-4029,updated,2026-06-26,cve_2023_to_2025,2026-06-26T10:21:45+00:00
CVE-2024-6875,updated,2026-06-26,cve_2023_to_2025,2026-06-26T10:21:45+00:00
CVE-2024-9050,updated,2026-06-25,cve_2023_to_2025,2026-06-26T10:21:45+00:00
CVE-2024-10306,updated,2026-06-26,cve_2023_to_2025,2026-06-26T10:21:45+00:00
CVE-2024-11217,updated,2026-06-26,cve_2023_to_2025,2026-06-26T10:21:45+00:00
CVE-2024-12401,updated,2026-06-26,cve_2023_to_2025,2026-06-26T10:21:45+00:00
CVE-2024-13484,updated,2026-06-26,cve_2023_to_2025,2026-06-26T10:21:45+00:00
CVE-2024-21626,updated,2026-06-25,cve_2023_to_2025,2026-06-26T10:21:45+00:00
CVE-2024-45497,updated,2026-06-26,cve_2023_to_2025,2026-06-26T10:21:45+00:00
CVE-2024-49393,updated,2026-06-26,cve_2023_to_2025,2026-06-26T10:21:45+00:00
CVE-2024-49394,updated,2026-06-26,cve_2023_to_2025,2026-06-26T10:21:45+00:00
CVE-2024-49395,updated,2026-06-26,cve_2023_to_2025,2026-06-26T10:21:45+00:00
CVE-2024-52336,updated,2026-06-26,cve_2023_to_2025,2026-06-26T10:21:45+00:00
CVE-2024-52337,updated,2026-06-26,cve_2023_to_2025,2026-06-26T10:21:45+00:00
CVE-2025-0678,updated,2026-06-25,cve_2023_to_2025,2026-06-26T10:21:45+00:00
CVE-2025-0684,updated,2026-06-25,cve_2023_to_2025,2026-06-26T10:21:45+00:00
CVE-2025-0685,updated,2026-06-25,cve_2023_to_2025,2026-06-26T10:21:45+00:00
CVE-2025-0686,updated,2026-06-25,cve_2023_to_2025,2026-06-26T10:21:45+00:00
CVE-2025-1057,updated,2026-06-25,cve_2023_to_2025,2026-06-26T10:21:45+00:00
CVE-2025-1244,updated,2026-06-25,cve_2023_to_2025,2026-06-26T10:21:45+00:00
CVE-2025-2251,updated,2026-06-25,cve_2023_to_2025,2026-06-26T10:21:45+00:00
CVE-2025-2487,updated,2026-06-25,cve_2023_to_2025,2026-06-26T10:21:45+00:00
CVE-2025-2586,updated,2026-06-25,cve_2023_to_2025,2026-06-26T10:21:45+00:00
CVE-2025-3155,updated,2026-06-25,cve_2023_to_2025,2026-06-26T10:21:45+00:00
CVE-2025-3360,updated,2026-06-26,cve_2023_to_2025,2026-06-26T10:21:45+00:00
CVE-2025-4035,updated,2026-06-25,cve_2023_to_2025,2026-06-26T10:21:45+00:00
CVE-2025-4432,updated,2026-06-25,cve_2023_to_2025,2026-06-26T10:21:45+00:00
CVE-2025-6199,updated,2026-06-26,cve_2023_to_2025,2026-06-26T10:21:45+00:00
CVE-2025-7195,updated,2026-06-25,cve_2023_to_2025,2026-06-26T10:21:45+00:00
CVE-2025-9953,updated,2026-06-25,cve_2023_to_2025,2026-06-26T10:21:45+00:00
CVE-2025-10268,added,,cve_2023_to_2025,2026-06-26T10:21:45+00:00
CVE-2025-10911,updated,2026-06-26,cve_2023_to_2025,2026-06-26T10:21:45+00:00
CVE-2025-10990,updated,2026-06-25,cve_2023_to_2025,2026-06-26T10:21:45+00:00
CVE-2025-11226,updated,2026-06-25,cve_2023_to_2025,2026-06-26T10:21:45+00:00
CVE-2025-11393,updated,2026-06-25,cve_2023_to_2025,2026-06-26T10:21:45+00:00
CVE-2025-31176,updated,2026-06-25,cve_2023_to_2025,2026-06-26T10:21:45+00:00
CVE-2025-31177,updated,2026-06-25,cve_2023_to_2025,2026-06-26T10:21:45+00:00
CVE-2025-31178,updated,2026-06-25,cve_2023_to_2025,2026-06-26T10:21:45+00:00
CVE-2025-31179,updated,2026-06-25,cve_2023_to_2025,2026-06-26T10:21:45+00:00
CVE-2025-31180,updated,2026-06-25,cve_2023_to_2025,2026-06-26T10:21:45+00:00
CVE-2025-31181,updated,2026-06-26,cve_2023_to_2025,2026-06-26T10:21:45+00:00
CVE-2025-32049,updated,2026-06-25,cve_2023_to_2025,2026-06-26T10:21:45+00:00
CVE-2025-32050,updated,2026-06-25,cve_2023_to_2025,2026-06-26T10:21:45+00:00
CVE-2025-32051,updated,2026-06-25,cve_2023_to_2025,2026-06-26T10:21:45+00:00
CVE-2025-32053,updated,2026-06-25,cve_2023_to_2025,2026-06-26T10:21:45+00:00
CVE-2025-32748,updated,2026-06-25,cve_2023_to_2025,2026-06-26T10:21:45+00:00
CVE-2025-32906,updated,2026-06-25,cve_2023_to_2025,2026-06-26T10:21:45+00:00
CVE-2025-32907,updated,2026-06-25,cve_2023_to_2025,2026-06-26T10:21:45+00:00
CVE-2025-32908,updated,2026-06-25,cve_2023_to_2025,2026-06-26T10:21:45+00:00
CVE-2025-32909,updated,2026-06-25,cve_2023_to_2025,2026-06-26T10:21:45+00:00
CVE-2025-32910,updated,2026-06-25,cve_2023_to_2025,2026-06-26T10:21:45+00:00
CVE-2025-32911,updated,2026-06-25,cve_2023_to_2025,2026-06-26T10:21:45+00:00
CVE-2025-32912,updated,2026-06-25,cve_2023_to_2025,2026-06-26T10:21:45+00:00
CVE-2025-32913,updated,2026-06-25,cve_2023_to_2025,2026-06-26T10:21:45+00:00
CVE-2025-47711,updated,2026-06-25,cve_2023_to_2025,2026-06-26T10:21:45+00:00
CVE-2025-60464,added,,cve_2023_to_2025,2026-06-26T10:21:45+00:00
CVE-2025-60465,added,,cve_2023_to_2025,2026-06-26T10:21:45+00:00
CVE-2025-60466,updated,2026-06-25,cve_2023_to_2025,2026-06-26T10:21:45+00:00
CVE-2025-60467,updated,2026-06-25,cve_2023_to_2025,2026-06-26T10:21:45+00:00
CVE-2025-60468,updated,2026-06-25,cve_2023_to_2025,2026-06-26T10:21:45+00:00
CVE-2025-60473,updated,2026-06-25,cve_2023_to_2025,2026-06-26T10:21:45+00:00
CVE-2025-60474,updated,2026-06-25,cve_2023_to_2025,2026-06-26T10:21:45+00:00
CVE-2025-61019,updated,2026-06-25,cve_2023_to_2025,2026-06-26T10:21:45+00:00
CVE-2025-61021,updated,2026-06-25,cve_2023_to_2025,2026-06-26T10:21:45+00:00
CVE-2025-61023,updated,2026-06-25,cve_2023_to_2025,2026-06-26T10:21:45+00:00
CVE-2025-61027,updated,2026-06-25,cve_2023_to_2025,2026-06-26T10:21:45+00:00
CVE-2025-61028,updated,2026-06-25,cve_2023_to_2025,2026-06-26T10:21:45+00:00
CVE-2025-64307,updated,2026-06-25,cve_2023_to_2025,2026-06-26T10:21:45+00:00
CVE-2025-64308,updated,2026-06-25,cve_2023_to_2025,2026-06-26T10:21:45+00:00
CVE-2025-64309,updated,2026-06-25,cve_2023_to_2025,2026-06-26T10:21:45+00:00
CVE-2025-64719,updated,2026-06-25,cve_2023_to_2025,2026-06-26T10:21:45+00:00
CVE-2025-71324,added,,cve_2023_to_2025,2026-06-26T10:21:45+00:00
CVE-2025-71327,added,,cve_2023_to_2025,2026-06-26T10:21:45+00:00
CVE-2025-71328,added,,cve_2023_to_2025,2026-06-26T10:21:45+00:00
CVE-2025-71333,added,,cve_2023_to_2025,2026-06-26T10:21:45+00:00
CVE-2025-71334,added,,cve_2023_to_2025,2026-06-26T10:21:45+00:00
CVE-2025-71335,added,,cve_2023_to_2025,2026-06-26T10:21:45+00:00
CVE-2025-71336,added,,cve_2023_to_2025,2026-06-26T10:21:45+00:00
CVE-2025-71338,added,,cve_2023_to_2025,2026-06-26T10:21:45+00:00
CVE-2025-71340,added,,cve_2023_to_2025,2026-06-26T10:21:45+00:00
CVE-2026-0934,updated,,cve_2026_to_now,2026-06-26T10:21:45+00:00
CVE-2026-1606,updated,,cve_2026_to_now,2026-06-26T10:21:45+00:00
CVE-2026-1840,updated,2026-06-25,cve_2026_to_now,2026-06-26T10:21:45+00:00
CVE-2026-1869,added,,cve_2026_to_now,2026-06-26T10:21:45+00:00
CVE-2026-2050,updated,2026-06-25,cve_2026_to_now,2026-06-26T10:21:45+00:00
CVE-2026-2053,added,,cve_2026_to_now,2026-06-26T10:21:45+00:00
CVE-2026-2238,updated,,cve_2026_to_now,2026-06-26T10:21:45+00:00
CVE-2026-2299,added,,cve_2026_to_now,2026-06-26T10:21:45+00:00
CVE-2026-2377,updated,2026-06-25,cve_2026_to_now,2026-06-26T10:21:45+00:00
CVE-2026-2508,updated,,cve_2026_to_now,2026-06-26T10:21:45+00:00
CVE-2026-2674,updated,2026-06-25,cve_2026_to_now,2026-06-26T10:21:45+00:00
CVE-2026-2815,added,,cve_2026_to_now,2026-06-26T10:21:45+00:00
CVE-2026-3176,updated,,cve_2026_to_now,2026-06-26T10:21:45+00:00
CVE-2026-3437,updated,2026-06-25,cve_2026_to_now,2026-06-26T10:21:45+00:00
CVE-2026-3833,updated,2026-06-26,cve_2026_to_now,2026-06-26T10:21:45+00:00
CVE-2026-4374,updated,2026-06-25,cve_2026_to_now,2026-06-26T10:21:45+00:00
CVE-2026-4522,added,,cve_2026_to_now,2026-06-26T10:21:45+00:00
CVE-2026-4526,added,,cve_2026_to_now,2026-06-26T10:21:45+00:00
CVE-2026-4598,updated,2026-06-25,cve_2026_to_now,2026-06-26T10:21:45+00:00
CVE-2026-4599,updated,2026-06-25,cve_2026_to_now,2026-06-26T10:21:45+00:00
CVE-2026-4602,updated,2026-06-25,cve_2026_to_now,2026-06-26T10:21:45+00:00
CVE-2026-4775,updated,2026-06-25,cve_2026_to_now,2026-06-26T10:21:45+00:00
CVE-2026-4874,updated,2026-06-26,cve_2026_to_now,2026-06-26T10:21:45+00:00
CVE-2026-4878,updated,2026-06-25,cve_2026_to_now,2026-06-26T10:21:45+00:00
CVE-2026-4930,added,,cve_2026_to_now,2026-06-26T10:21:45+00:00
CVE-2026-5260,updated,2026-06-26,cve_2026_to_now,2026-06-26T10:21:45+00:00
CVE-2026-5305,updated,,cve_2026_to_now,2026-06-26T10:21:45+00:00
CVE-2026-5309,updated,,cve_2026_to_now,2026-06-26T10:21:45+00:00
CVE-2026-5419,updated,2026-06-26,cve_2026_to_now,2026-06-26T10:21:45+00:00
CVE-2026-5796,updated,,cve_2026_to_now,2026-06-26T10:21:45+00:00
CVE-2026-5952,updated,,cve_2026_to_now,2026-06-26T10:21:45+00:00
CVE-2026-6091,added,,cve_2026_to_now,2026-06-26T10:21:45+00:00
CVE-2026-6092,added,,cve_2026_to_now,2026-06-26T10:21:45+00:00
CVE-2026-6094,added,,cve_2026_to_now,2026-06-26T10:21:45+00:00
CVE-2026-6291,added,,cve_2026_to_now,2026-06-26T10:21:45+00:00
CVE-2026-6325,added,,cve_2026_to_now,2026-06-26T10:21:45+00:00
CVE-2026-6329,added,,cve_2026_to_now,2026-06-26T10:21:45+00:00
CVE-2026-6330,added,,cve_2026_to_now,2026-06-26T10:21:45+00:00
CVE-2026-6331,added,,cve_2026_to_now,2026-06-26T10:21:45+00:00
CVE-2026-6412,added,,cve_2026_to_now,2026-06-26T10:21:45+00:00
CVE-2026-6432,added,,cve_2026_to_now,2026-06-26T10:21:45+00:00
CVE-2026-6450,added,,cve_2026_to_now,2026-06-26T10:21:45+00:00
CVE-2026-6658,added,,cve_2026_to_now,2026-06-26T10:21:45+00:00
CVE-2026-6678,added,,cve_2026_to_now,2026-06-26T10:21:45+00:00
CVE-2026-6679,added,,cve_2026_to_now,2026-06-26T10:21:45+00:00
CVE-2026-6681,added,,cve_2026_to_now,2026-06-26T10:21:45+00:00
CVE-2026-6731,added,,cve_2026_to_now,2026-06-26T10:21:45+00:00
CVE-2026-6893,updated,2026-06-25,cve_2026_to_now,2026-06-26T10:21:45+00:00
CVE-2026-7111,updated,,cve_2026_to_now,2026-06-26T10:21:45+00:00
CVE-2026-7500,updated,2026-06-26,cve_2026_to_now,2026-06-26T10:21:45+00:00
CVE-2026-7511,added,,cve_2026_to_now,2026-06-26T10:21:45+00:00
CVE-2026-7531,added,,cve_2026_to_now,2026-06-26T10:21:45+00:00
CVE-2026-7532,added,,cve_2026_to_now,2026-06-26T10:21:45+00:00
CVE-2026-7539,updated,2026-06-26,cve_2026_to_now,2026-06-26T10:21:45+00:00
CVE-2026-7569,updated,2026-06-25,cve_2026_to_now,2026-06-26T10:21:45+00:00
CVE-2026-7570,updated,2026-06-25,cve_2026_to_now,2026-06-26T10:21:45+00:00
CVE-2026-8330,updated,,cve_2026_to_now,2026-06-26T10:21:45+00:00
CVE-2026-8380,added,,cve_2026_to_now,2026-06-26T10:21:45+00:00
CVE-2026-8592,updated,,cve_2026_to_now,2026-06-26T10:21:45+00:00
CVE-2026-8617,updated,2026-06-25,cve_2026_to_now,2026-06-26T10:21:45+00:00
CVE-2026-8658,updated,,cve_2026_to_now,2026-06-26T10:21:45+00:00
CVE-2026-8659,updated,,cve_2026_to_now,2026-06-26T10:21:45+00:00
CVE-2026-8660,updated,,cve_2026_to_now,2026-06-26T10:21:45+00:00
CVE-2026-8661,added,,cve_2026_to_now,2026-06-26T10:21:45+00:00
CVE-2026-8662,updated,,cve_2026_to_now,2026-06-26T10:21:45+00:00
CVE-2026-8663,updated,2026-06-25,cve_2026_to_now,2026-06-26T10:21:45+00:00
CVE-2026-8664,updated,,cve_2026_to_now,2026-06-26T10:21:45+00:00
CVE-2026-8665,updated,,cve_2026_to_now,2026-06-26T10:21:45+00:00
CVE-2026-8666,updated,,cve_2026_to_now,2026-06-26T10:21:45+00:00
CVE-2026-8720,added,,cve_2026_to_now,2026-06-26T10:21:45+00:00
CVE-2026-8797,added,,cve_2026_to_now,2026-06-26T10:21:45+00:00
CVE-2026-8830,updated,2026-06-26,cve_2026_to_now,2026-06-26T10:21:45+00:00
CVE-2026-8865,updated,2026-06-25,cve_2026_to_now,2026-06-26T10:21:45+00:00
CVE-2026-8922,updated,2026-06-26,cve_2026_to_now,2026-06-26T10:21:45+00:00
CVE-2026-9083,added,2026-06-26,cve_2026_to_now,2026-06-26T10:21:45+00:00
CVE-2026-9086,added,2026-06-26,cve_2026_to_now,2026-06-26T10:21:45+00:00
CVE-2026-9087,updated,2026-06-26,cve_2026_to_now,2026-06-26T10:21:45+00:00
CVE-2026-9088,updated,2026-06-26,cve_2026_to_now,2026-06-26T10:21:45+00:00
CVE-2026-9099,added,2026-06-26,cve_2026_to_now,2026-06-26T10:21:45+00:00
CVE-2026-9153,updated,,cve_2026_to_now,2026-06-26T10:21:45+00:00
CVE-2026-9154,updated,,cve_2026_to_now,2026-06-26T10:21:45+00:00
CVE-2026-9155,updated,,cve_2026_to_now,2026-06-26T10:21:45+00:00
CVE-2026-9179,updated,2026-06-25,cve_2026_to_now,2026-06-26T10:21:45+00:00
CVE-2026-9219,added,,cve_2026_to_now,2026-06-26T10:21:45+00:00
CVE-2026-9220,added,,cve_2026_to_now,2026-06-26T10:21:45+00:00
CVE-2026-9221,added,,cve_2026_to_now,2026-06-26T10:21:45+00:00
CVE-2026-9222,added,,cve_2026_to_now,2026-06-26T10:21:45+00:00
CVE-2026-9620,updated,2026-06-25,cve_2026_to_now,2026-06-26T10:21:45+00:00
CVE-2026-9650,added,,cve_2026_to_now,2026-06-26T10:21:45+00:00
CVE-2026-9651,added,,cve_2026_to_now,2026-06-26T10:21:45+00:00
CVE-2026-9702,updated,,cve_2026_to_now,2026-06-26T10:21:45+00:00
CVE-2026-9704,updated,2026-06-26,cve_2026_to_now,2026-06-26T10:21:45+00:00
CVE-2026-9705,added,2026-06-26,cve_2026_to_now,2026-06-26T10:21:45+00:00
CVE-2026-9716,added,,cve_2026_to_now,2026-06-26T10:21:45+00:00
CVE-2026-9717,added,,cve_2026_to_now,2026-06-26T10:21:45+00:00
CVE-2026-9718,added,,cve_2026_to_now,2026-06-26T10:21:45+00:00
CVE-2026-9772,updated,2026-06-26,cve_2026_to_now,2026-06-26T10:21:45+00:00
CVE-2026-9773,updated,2026-06-25,cve_2026_to_now,2026-06-26T10:21:45+00:00
CVE-2026-9774,updated,2026-06-25,cve_2026_to_now,2026-06-26T10:21:45+00:00
CVE-2026-9775,updated,2026-06-25,cve_2026_to_now,2026-06-26T10:21:45+00:00
CVE-2026-9776,updated,2026-06-25,cve_2026_to_now,2026-06-26T10:21:45+00:00
CVE-2026-9777,updated,2026-06-25,cve_2026_to_now,2026-06-26T10:21:45+00:00
CVE-2026-9778,updated,2026-06-25,cve_2026_to_now,2026-06-26T10:21:45+00:00
CVE-2026-9779,updated,2026-06-25,cve_2026_to_now,2026-06-26T10:21:45+00:00
CVE-2026-9780,updated,2026-06-25,cve_2026_to_now,2026-06-26T10:21:45+00:00
CVE-2026-9781,updated,2026-06-25,cve_2026_to_now,2026-06-26T10:21:45+00:00
CVE-2026-9782,updated,2026-06-26,cve_2026_to_now,2026-06-26T10:21:45+00:00
CVE-2026-9783,updated,2026-06-26,cve_2026_to_now,2026-06-26T10:21:45+00:00
CVE-2026-9784,updated,2026-06-26,cve_2026_to_now,2026-06-26T10:21:45+00:00
CVE-2026-9785,updated,2026-06-26,cve_2026_to_now,2026-06-26T10:21:45+00:00
CVE-2026-9786,updated,2026-06-26,cve_2026_to_now,2026-06-26T10:21:45+00:00
CVE-2026-9787,updated,2026-06-26,cve_2026_to_now,2026-06-26T10:21:45+00:00
CVE-2026-9791,updated,2026-06-26,cve_2026_to_now,2026-06-26T10:21:45+00:00
CVE-2026-9792,updated,2026-06-26,cve_2026_to_now,2026-06-26T10:21:45+00:00
CVE-2026-9794,updated,2026-06-26,cve_2026_to_now,2026-06-26T10:21:45+00:00
CVE-2026-9795,updated,2026-06-26,cve_2026_to_now,2026-06-26T10:21:45+00:00
CVE-2026-9799,added,2026-06-26,cve_2026_to_now,2026-06-26T10:21:45+00:00
CVE-2026-9800,added,2026-06-26,cve_2026_to_now,2026-06-26T10:21:45+00:00
CVE-2026-9801,updated,2026-06-26,cve_2026_to_now,2026-06-26T10:21:45+00:00
CVE-2026-9802,updated,2026-06-26,cve_2026_to_now,2026-06-26T10:21:45+00:00
CVE-2026-9803,updated,2026-06-26,cve_2026_to_now,2026-06-26T10:21:45+00:00
CVE-2026-10028,updated,2026-06-26,cve_2026_to_now,2026-06-26T10:21:45+00:00
CVE-2026-10043,updated,2026-06-25,cve_2026_to_now,2026-06-26T10:21:45+00:00
CVE-2026-10086,updated,2026-06-26,cve_2026_to_now,2026-06-26T10:21:45+00:00
CVE-2026-10097,added,,cve_2026_to_now,2026-06-26T10:21:45+00:00
CVE-2026-10098,added,,cve_2026_to_now,2026-06-26T10:21:45+00:00
CVE-2026-10118,updated,2026-06-26,cve_2026_to_now,2026-06-26T10:21:45+00:00
CVE-2026-10512,added,,cve_2026_to_now,2026-06-26T10:21:45+00:00
CVE-2026-10517,updated,2026-06-25,cve_2026_to_now,2026-06-26T10:21:45+00:00
CVE-2026-10552,updated,2026-06-25,cve_2026_to_now,2026-06-26T10:21:45+00:00
CVE-2026-10592,added,,cve_2026_to_now,2026-06-26T10:21:45+00:00
CVE-2026-10642,updated,2026-06-25,cve_2026_to_now,2026-06-26T10:21:45+00:00
CVE-2026-10649,updated,2026-06-25,cve_2026_to_now,2026-06-26T10:21:45+00:00
CVE-2026-10712,updated,2026-06-26,cve_2026_to_now,2026-06-26T10:21:45+00:00
CVE-2026-10823,added,,cve_2026_to_now,2026-06-26T10:21:45+00:00
CVE-2026-10824,updated,,cve_2026_to_now,2026-06-26T10:21:45+00:00
CVE-2026-10833,updated,,cve_2026_to_now,2026-06-26T10:21:45+00:00
CVE-2026-10835,added,,cve_2026_to_now,2026-06-26T10:21:45+00:00
CVE-2026-11310,added,,cve_2026_to_now,2026-06-26T10:21:45+00:00
CVE-2026-11379,updated,,cve_2026_to_now,2026-06-26T10:21:45+00:00
CVE-2026-11625,added,,cve_2026_to_now,2026-06-26T10:21:45+00:00
CVE-2026-11702,added,,cve_2026_to_now,2026-06-26T10:21:45+00:00
CVE-2026-11703,added,,cve_2026_to_now,2026-06-26T10:21:45+00:00
CVE-2026-11774,updated,2026-06-25,cve_2026_to_now,2026-06-26T10:21:45+00:00
CVE-2026-11791,updated,2026-06-26,cve_2026_to_now,2026-06-26T10:21:45+00:00
CVE-2026-11800,added,,cve_2026_to_now,2026-06-26T10:21:45+00:00
CVE-2026-11820,updated,2026-06-25,cve_2026_to_now,2026-06-26T10:21:45+00:00
CVE-2026-11998,updated,2026-06-25,cve_2026_to_now,2026-06-26T10:21:45+00:00
CVE-2026-11999,added,,cve_2026_to_now,2026-06-26T10:21:45+00:00
CVE-2026-12053,updated,,cve_2026_to_now,2026-06-26T10:21:45+00:00
CVE-2026-12079,updated,,cve_2026_to_now,2026-06-26T10:21:45+00:00
CVE-2026-12112,updated,2026-06-25,cve_2026_to_now,2026-06-26T10:21:45+00:00
CVE-2026-12244,updated,,cve_2026_to_now,2026-06-26T10:21:45+00:00
CVE-2026-12245,updated,,cve_2026_to_now,2026-06-26T10:21:45+00:00
CVE-2026-12246,updated,,cve_2026_to_now,2026-06-26T10:21:45+00:00
CVE-2026-12340,added,,cve_2026_to_now,2026-06-26T10:21:45+00:00
CVE-2026-12398,updated,2026-06-25,cve_2026_to_now,2026-06-26T10:21:45+00:00
CVE-2026-12416,updated,2026-06-25,cve_2026_to_now,2026-06-26T10:21:45+00:00
CVE-2026-12473,added,,cve_2026_to_now,2026-06-26T10:21:45+00:00
CVE-2026-12490,updated,,cve_2026_to_now,2026-06-26T10:21:45+00:00
CVE-2026-12569,updated,2026-06-26,cve_2026_to_now,2026-06-26T10:21:45+00:00
CVE-2026-12628,updated,2026-06-25,cve_2026_to_now,2026-06-26T10:21:45+00:00
CVE-2026-12635,updated,,cve_2026_to_now,2026-06-26T10:21:45+00:00
CVE-2026-12755,added,,cve_2026_to_now,2026-06-26T10:21:45+00:00
CVE-2026-12844,added,,cve_2026_to_now,2026-06-26T10:21:45+00:00
CVE-2026-12897,added,,cve_2026_to_now,2026-06-26T10:21:45+00:00
CVE-2026-12921,added,,cve_2026_to_now,2026-06-26T10:21:45+00:00
CVE-2026-12937,updated,,cve_2026_to_now,2026-06-26T10:21:45+00:00
CVE-2026-12975,added,,cve_2026_to_now,2026-06-26T10:21:45+00:00
CVE-2026-12992,added,,cve_2026_to_now,2026-06-26T10:21:45+00:00
CVE-2026-12993,added,,cve_2026_to_now,2026-06-26T10:21:45+00:00
CVE-2026-13083,added,,cve_2026_to_now,2026-06-26T10:21:45+00:00
CVE-2026-13201,updated,2026-06-25,cve_2026_to_now,2026-06-26T10:21:45+00:00
CVE-2026-13208,updated,2026-06-25,cve_2026_to_now,2026-06-26T10:21:45+00:00
CVE-2026-13218,added,,cve_2026_to_now,2026-06-26T10:21:45+00:00
CVE-2026-13222,added,,cve_2026_to_now,2026-06-26T10:21:45+00:00
CVE-2026-13223,added,,cve_2026_to_now,2026-06-26T10:21:45+00:00
CVE-2026-13225,added,,cve_2026_to_now,2026-06-26T10:21:45+00:00
CVE-2026-13226,added,,cve_2026_to_now,2026-06-26T10:21:45+00:00
CVE-2026-13281,added,,cve_2026_to_now,2026-06-26T10:21:45+00:00
CVE-2026-13282,added,2026-06-26,cve_2026_to_now,2026-06-26T10:21:45+00:00
CVE-2026-13283,added,,cve_2026_to_now,2026-06-26T10:21:45+00:00
CVE-2026-13311,updated,,cve_2026_to_now,2026-06-26T10:21:45+00:00
CVE-2026-13314,added,,cve_2026_to_now,2026-06-26T10:21:45+00:00
CVE-2026-13318,added,,cve_2026_to_now,2026-06-26T10:21:45+00:00
CVE-2026-13322,added,,cve_2026_to_now,2026-06-26T10:21:45+00:00
CVE-2026-13350,added,,cve_2026_to_now,2026-06-26T10:21:45+00:00
CVE-2026-13351,added,,cve_2026_to_now,2026-06-26T10:21:45+00:00
CVE-2026-20230,updated,2026-06-26,cve_2026_to_now,2026-06-26T10:21:45+00:00
CVE-2026-22226,updated,2026-06-25,cve_2026_to_now,2026-06-26T10:21:45+00:00
CVE-2026-22283,updated,2026-06-25,cve_2026_to_now,2026-06-26T10:21:45+00:00
CVE-2026-22879,added,,cve_2026_to_now,2026-06-26T10:21:45+00:00
CVE-2026-23879,updated,2026-06-25,cve_2026_to_now,2026-06-26T10:21:45+00:00
CVE-2026-25119,updated,2026-06-25,cve_2026_to_now,2026-06-26T10:21:45+00:00
CVE-2026-27366,added,,cve_2026_to_now,2026-06-26T10:21:45+00:00
CVE-2026-27708,updated,2026-06-25,cve_2026_to_now,2026-06-26T10:21:45+00:00
CVE-2026-28898,added,,cve_2026_to_now,2026-06-26T10:21:45+00:00
CVE-2026-30802,updated,2026-06-25,cve_2026_to_now,2026-06-26T10:21:45+00:00
CVE-2026-31978,updated,2026-06-25,cve_2026_to_now,2026-06-26T10:21:45+00:00
CVE-2026-32315,updated,2026-06-25,cve_2026_to_now,2026-06-26T10:21:45+00:00
CVE-2026-32804,updated,2026-06-25,cve_2026_to_now,2026-06-26T10:21:45+00:00
CVE-2026-33235,updated,2026-06-25,cve_2026_to_now,2026-06-26T10:21:45+00:00
CVE-2026-33543,updated,2026-06-25,cve_2026_to_now,2026-06-26T10:21:45+00:00
CVE-2026-33612,added,,cve_2026_to_now,2026-06-26T10:21:45+00:00
CVE-2026-33813,updated,2026-06-25,cve_2026_to_now,2026-06-26T10:21:45+00:00
CVE-2026-33845,updated,2026-06-26,cve_2026_to_now,2026-06-26T10:21:45+00:00
CVE-2026-33846,updated,2026-06-26,cve_2026_to_now,2026-06-26T10:21:45+00:00
CVE-2026-35065,updated,2026-06-25,cve_2026_to_now,2026-06-26T10:21:45+00:00
CVE-2026-35066,updated,2026-06-25,cve_2026_to_now,2026-06-26T10:21:45+00:00
CVE-2026-35067,updated,2026-06-25,cve_2026_to_now,2026-06-26T10:21:45+00:00
CVE-2026-35068,updated,2026-06-25,cve_2026_to_now,2026-06-26T10:21:45+00:00
CVE-2026-35069,updated,2026-06-25,cve_2026_to_now,2026-06-26T10:21:45+00:00
CVE-2026-35162,updated,2026-06-25,cve_2026_to_now,2026-06-26T10:21:45+00:00
CVE-2026-37149,added,,cve_2026_to_now,2026-06-26T10:21:45+00:00
CVE-2026-37452,added,,cve_2026_to_now,2026-06-26T10:21:45+00:00
CVE-2026-37453,added,,cve_2026_to_now,2026-06-26T10:21:45+00:00
CVE-2026-37454,added,,cve_2026_to_now,2026-06-26T10:21:45+00:00
CVE-2026-37977,updated,2026-06-26,cve_2026_to_now,2026-06-26T10:21:45+00:00
CVE-2026-38637,added,,cve_2026_to_now,2026-06-26T10:21:45+00:00
CVE-2026-38640,added,,cve_2026_to_now,2026-06-26T10:21:45+00:00
CVE-2026-39893,updated,2026-06-26,cve_2026_to_now,2026-06-26T10:21:45+00:00
CVE-2026-39894,updated,2026-06-25,cve_2026_to_now,2026-06-26T10:21:45+00:00
CVE-2026-39897,updated,2026-06-25,cve_2026_to_now,2026-06-26T10:21:45+00:00
CVE-2026-39899,updated,2026-06-25,cve_2026_to_now,2026-06-26T10:21:45+00:00
CVE-2026-39900,updated,2026-06-25,cve_2026_to_now,2026-06-26T10:21:45+00:00
CVE-2026-39938,updated,2026-06-26,cve_2026_to_now,2026-06-26T10:21:45+00:00
CVE-2026-39948,updated,2026-06-26,cve_2026_to_now,2026-06-26T10:21:45+00:00
CVE-2026-39955,updated,2026-06-26,cve_2026_to_now,2026-06-26T10:21:45+00:00
CVE-2026-40011,added,,cve_2026_to_now,2026-06-26T10:21:45+00:00
CVE-2026-40012,added,,cve_2026_to_now,2026-06-26T10:21:45+00:00
CVE-2026-40079,updated,2026-06-25,cve_2026_to_now,2026-06-26T10:21:45+00:00
CVE-2026-40080,added,,cve_2026_to_now,2026-06-26T10:21:45+00:00
CVE-2026-40082,added,,cve_2026_to_now,2026-06-26T10:21:45+00:00
CVE-2026-40083,added,,cve_2026_to_now,2026-06-26T10:21:45+00:00
CVE-2026-40084,added,,cve_2026_to_now,2026-06-26T10:21:45+00:00
CVE-2026-40208,added,,cve_2026_to_now,2026-06-26T10:21:45+00:00
CVE-2026-40209,added,,cve_2026_to_now,2026-06-26T10:21:45+00:00
CVE-2026-40210,added,,cve_2026_to_now,2026-06-26T10:21:45+00:00
CVE-2026-40211,added,,cve_2026_to_now,2026-06-26T10:21:45+00:00
CVE-2026-40369,updated,2026-06-26,cve_2026_to_now,2026-06-26T10:21:45+00:00
CVE-2026-40641,updated,2026-06-25,cve_2026_to_now,2026-06-26T10:21:45+00:00
CVE-2026-40702,added,,cve_2026_to_now,2026-06-26T10:21:45+00:00
CVE-2026-40941,added,,cve_2026_to_now,2026-06-26T10:21:45+00:00
CVE-2026-41120,added,2026-06-26,cve_2026_to_now,2026-06-26T10:21:45+00:00
CVE-2026-41566,updated,,cve_2026_to_now,2026-06-26T10:21:45+00:00
CVE-2026-42004,added,,cve_2026_to_now,2026-06-26T10:21:45+00:00
CVE-2026-42005,added,,cve_2026_to_now,2026-06-26T10:21:45+00:00
CVE-2026-42009,updated,2026-06-26,cve_2026_to_now,2026-06-26T10:21:45+00:00
CVE-2026-42010,updated,2026-06-26,cve_2026_to_now,2026-06-26T10:21:45+00:00
CVE-2026-42011,updated,2026-06-26,cve_2026_to_now,2026-06-26T10:21:45+00:00
CVE-2026-42012,updated,2026-06-26,cve_2026_to_now,2026-06-26T10:21:45+00:00
CVE-2026-42013,updated,2026-06-26,cve_2026_to_now,2026-06-26T10:21:45+00:00
CVE-2026-42014,updated,2026-06-26,cve_2026_to_now,2026-06-26T10:21:45+00:00
CVE-2026-42015,updated,2026-06-26,cve_2026_to_now,2026-06-26T10:21:45+00:00
CVE-2026-42387,added,,cve_2026_to_now,2026-06-26T10:21:45+00:00
CVE-2026-42388,added,,cve_2026_to_now,2026-06-26T10:21:45+00:00
CVE-2026-42389,added,,cve_2026_to_now,2026-06-26T10:21:45+00:00
CVE-2026-42390,added,,cve_2026_to_now,2026-06-26T10:21:45+00:00
CVE-2026-42504,updated,2026-06-25,cve_2026_to_now,2026-06-26T10:21:45+00:00
CVE-2026-43510,updated,2026-06-25,cve_2026_to_now,2026-06-26T10:21:45+00:00
CVE-2026-43920,added,,cve_2026_to_now,2026-06-26T10:21:45+00:00
CVE-2026-43958,updated,2026-06-25,cve_2026_to_now,2026-06-26T10:21:45+00:00
CVE-2026-44017,updated,2026-06-25,cve_2026_to_now,2026-06-26T10:21:45+00:00
CVE-2026-44020,updated,2026-06-25,cve_2026_to_now,2026-06-26T10:21:45+00:00
CVE-2026-44022,updated,2026-06-25,cve_2026_to_now,2026-06-26T10:21:45+00:00
CVE-2026-44279,updated,2026-06-26,cve_2026_to_now,2026-06-26T10:21:45+00:00
CVE-2026-44604,updated,2026-06-25,cve_2026_to_now,2026-06-26T10:21:45+00:00
CVE-2026-44622,added,,cve_2026_to_now,2026-06-26T10:21:45+00:00
CVE-2026-44726,updated,2026-06-25,cve_2026_to_now,2026-06-26T10:21:45+00:00
CVE-2026-45188,updated,,cve_2026_to_now,2026-06-26T10:21:45+00:00
CVE-2026-45233,added,,cve_2026_to_now,2026-06-26T10:21:45+00:00
CVE-2026-45677,updated,2026-06-25,cve_2026_to_now,2026-06-26T10:21:45+00:00
CVE-2026-45688,updated,2026-06-26,cve_2026_to_now,2026-06-26T10:21:45+00:00
CVE-2026-45689,updated,2026-06-26,cve_2026_to_now,2026-06-26T10:21:45+00:00
CVE-2026-45757,updated,2026-06-25,cve_2026_to_now,2026-06-26T10:21:45+00:00
CVE-2026-46348,updated,2026-06-25,cve_2026_to_now,2026-06-26T10:21:45+00:00
CVE-2026-46349,updated,2026-06-25,cve_2026_to_now,2026-06-26T10:21:45+00:00
CVE-2026-46423,updated,2026-06-26,cve_2026_to_now,2026-06-26T10:21:45+00:00
CVE-2026-46547,updated,2026-06-25,cve_2026_to_now,2026-06-26T10:21:45+00:00
CVE-2026-46553,updated,2026-06-25,cve_2026_to_now,2026-06-26T10:21:45+00:00
CVE-2026-46601,added,,cve_2026_to_now,2026-06-26T10:21:45+00:00
CVE-2026-46602,added,,cve_2026_to_now,2026-06-26T10:21:45+00:00
CVE-2026-46606,added,,cve_2026_to_now,2026-06-26T10:21:45+00:00
CVE-2026-46607,added,,cve_2026_to_now,2026-06-26T10:21:45+00:00
CVE-2026-46608,added,,cve_2026_to_now,2026-06-26T10:21:45+00:00
CVE-2026-46611,added,2026-06-26,cve_2026_to_now,2026-06-26T10:21:45+00:00
CVE-2026-46732,added,2026-06-26,cve_2026_to_now,2026-06-26T10:21:45+00:00
CVE-2026-46733,added,2026-06-26,cve_2026_to_now,2026-06-26T10:21:45+00:00
CVE-2026-46734,added,2026-06-26,cve_2026_to_now,2026-06-26T10:21:45+00:00
CVE-2026-46735,added,,cve_2026_to_now,2026-06-26T10:21:45+00:00
CVE-2026-46751,updated,,cve_2026_to_now,2026-06-26T10:21:45+00:00
CVE-2026-46752,updated,,cve_2026_to_now,2026-06-26T10:21:45+00:00
CVE-2026-47145,added,,cve_2026_to_now,2026-06-26T10:21:45+00:00
CVE-2026-47146,added,,cve_2026_to_now,2026-06-26T10:21:45+00:00
CVE-2026-47147,added,,cve_2026_to_now,2026-06-26T10:21:45+00:00
CVE-2026-47148,added,,cve_2026_to_now,2026-06-26T10:21:45+00:00
CVE-2026-47149,added,,cve_2026_to_now,2026-06-26T10:21:45+00:00
CVE-2026-47150,added,,cve_2026_to_now,2026-06-26T10:21:45+00:00
CVE-2026-47151,added,,cve_2026_to_now,2026-06-26T10:21:45+00:00
CVE-2026-47152,added,,cve_2026_to_now,2026-06-26T10:21:45+00:00
CVE-2026-47153,added,,cve_2026_to_now,2026-06-26T10:21:45+00:00
CVE-2026-47154,added,,cve_2026_to_now,2026-06-26T10:21:45+00:00
CVE-2026-47267,updated,2026-06-25,cve_2026_to_now,2026-06-26T10:21:45+00:00
CVE-2026-47378,updated,2026-06-25,cve_2026_to_now,2026-06-26T10:21:45+00:00
CVE-2026-47383,updated,2026-06-25,cve_2026_to_now,2026-06-26T10:21:45+00:00
CVE-2026-47389,updated,2026-06-25,cve_2026_to_now,2026-06-26T10:21:45+00:00
CVE-2026-47733,updated,2026-06-25,cve_2026_to_now,2026-06-26T10:21:45+00:00
CVE-2026-47770,added,,cve_2026_to_now,2026-06-26T10:21:45+00:00
CVE-2026-48028,updated,2026-06-25,cve_2026_to_now,2026-06-26T10:21:45+00:00
CVE-2026-48493,updated,2026-06-25,cve_2026_to_now,2026-06-26T10:21:45+00:00
CVE-2026-48509,updated,2026-06-25,cve_2026_to_now,2026-06-26T10:21:45+00:00
CVE-2026-48510,updated,2026-06-25,cve_2026_to_now,2026-06-26T10:21:45+00:00
CVE-2026-48511,updated,2026-06-25,cve_2026_to_now,2026-06-26T10:21:45+00:00
CVE-2026-48512,updated,2026-06-25,cve_2026_to_now,2026-06-26T10:21:45+00:00
CVE-2026-48513,updated,2026-06-25,cve_2026_to_now,2026-06-26T10:21:45+00:00
CVE-2026-48514,updated,2026-06-25,cve_2026_to_now,2026-06-26T10:21:45+00:00
CVE-2026-48515,updated,2026-06-25,cve_2026_to_now,2026-06-26T10:21:45+00:00
CVE-2026-48516,updated,2026-06-25,cve_2026_to_now,2026-06-26T10:21:45+00:00
CVE-2026-48517,updated,2026-06-25,cve_2026_to_now,2026-06-26T10:21:45+00:00
CVE-2026-48615,added,,cve_2026_to_now,2026-06-26T10:21:45+00:00
CVE-2026-48618,added,,cve_2026_to_now,2026-06-26T10:21:45+00:00
CVE-2026-48619,added,,cve_2026_to_now,2026-06-26T10:21:45+00:00
CVE-2026-48720,updated,2026-06-25,cve_2026_to_now,2026-06-26T10:21:45+00:00
CVE-2026-48721,updated,2026-06-25,cve_2026_to_now,2026-06-26T10:21:45+00:00
CVE-2026-48725,updated,2026-06-25,cve_2026_to_now,2026-06-26T10:21:45+00:00
CVE-2026-48793,updated,2026-06-26,cve_2026_to_now,2026-06-26T10:21:45+00:00
CVE-2026-48928,added,,cve_2026_to_now,2026-06-26T10:21:45+00:00
CVE-2026-48930,added,,cve_2026_to_now,2026-06-26T10:21:45+00:00
CVE-2026-48933,added,,cve_2026_to_now,2026-06-26T10:21:45+00:00
CVE-2026-48934,added,,cve_2026_to_now,2026-06-26T10:21:45+00:00
CVE-2026-48935,added,,cve_2026_to_now,2026-06-26T10:21:45+00:00
CVE-2026-48936,added,,cve_2026_to_now,2026-06-26T10:21:45+00:00
CVE-2026-48940,added,,cve_2026_to_now,2026-06-26T10:21:45+00:00
CVE-2026-48941,added,,cve_2026_to_now,2026-06-26T10:21:45+00:00
CVE-2026-48942,added,,cve_2026_to_now,2026-06-26T10:21:45+00:00
CVE-2026-48943,added,,cve_2026_to_now,2026-06-26T10:21:45+00:00
CVE-2026-48944,added,,cve_2026_to_now,2026-06-26T10:21:45+00:00
CVE-2026-48945,added,,cve_2026_to_now,2026-06-26T10:21:45+00:00
CVE-2026-48946,added,2026-06-26,cve_2026_to_now,2026-06-26T10:21:45+00:00
CVE-2026-48995,added,2026-06-26,cve_2026_to_now,2026-06-26T10:21:45+00:00
CVE-2026-49246,updated,2026-06-25,cve_2026_to_now,2026-06-26T10:21:45+00:00
CVE-2026-49247,updated,2026-06-26,cve_2026_to_now,2026-06-26T10:21:45+00:00
CVE-2026-49278,updated,2026-06-26,cve_2026_to_now,2026-06-26T10:21:45+00:00
CVE-2026-49319,added,2026-06-26,cve_2026_to_now,2026-06-26T10:21:45+00:00
CVE-2026-49440,updated,2026-06-25,cve_2026_to_now,2026-06-26T10:21:45+00:00
CVE-2026-49486,added,,cve_2026_to_now,2026-06-26T10:21:45+00:00
CVE-2026-49502,updated,2026-06-25,cve_2026_to_now,2026-06-26T10:21:45+00:00
CVE-2026-49506,added,2026-06-26,cve_2026_to_now,2026-06-26T10:21:45+00:00
CVE-2026-49839,added,,cve_2026_to_now,2026-06-26T10:21:45+00:00
CVE-2026-49851,updated,2026-06-25,cve_2026_to_now,2026-06-26T10:21:45+00:00
CVE-2026-49980,updated,2026-06-25,cve_2026_to_now,2026-06-26T10:21:45+00:00
CVE-2026-50014,added,2026-06-26,cve_2026_to_now,2026-06-26T10:21:45+00:00
CVE-2026-50015,added,,cve_2026_to_now,2026-06-26T10:21:45+00:00
CVE-2026-50016,added,2026-06-26,cve_2026_to_now,2026-06-26T10:21:45+00:00
CVE-2026-50017,added,,cve_2026_to_now,2026-06-26T10:21:45+00:00
CVE-2026-50021,added,2026-06-26,cve_2026_to_now,2026-06-26T10:21:45+00:00
CVE-2026-50023,updated,2026-06-25,cve_2026_to_now,2026-06-26T10:21:45+00:00
CVE-2026-50128,updated,2026-06-25,cve_2026_to_now,2026-06-26T10:21:45+00:00
CVE-2026-50129,updated,2026-06-25,cve_2026_to_now,2026-06-26T10:21:45+00:00
CVE-2026-50176,added,,cve_2026_to_now,2026-06-26T10:21:45+00:00
CVE-2026-50189,updated,2026-06-25,cve_2026_to_now,2026-06-26T10:21:45+00:00
CVE-2026-50256,updated,2026-06-25,cve_2026_to_now,2026-06-26T10:21:45+00:00
CVE-2026-50257,updated,2026-06-25,cve_2026_to_now,2026-06-26T10:21:45+00:00
CVE-2026-50258,updated,2026-06-25,cve_2026_to_now,2026-06-26T10:21:45+00:00
CVE-2026-50259,updated,2026-06-25,cve_2026_to_now,2026-06-26T10:21:45+00:00
CVE-2026-50260,updated,2026-06-25,cve_2026_to_now,2026-06-26T10:21:45+00:00
CVE-2026-50261,updated,2026-06-25,cve_2026_to_now,2026-06-26T10:21:45+00:00
CVE-2026-50262,updated,2026-06-25,cve_2026_to_now,2026-06-26T10:21:45+00:00
CVE-2026-50263,updated,2026-06-25,cve_2026_to_now,2026-06-26T10:21:45+00:00
CVE-2026-50264,updated,2026-06-25,cve_2026_to_now,2026-06-26T10:21:45+00:00
CVE-2026-50548,added,,cve_2026_to_now,2026-06-26T10:21:45+00:00
CVE-2026-50549,added,,cve_2026_to_now,2026-06-26T10:21:45+00:00
CVE-2026-50551,updated,2026-06-25,cve_2026_to_now,2026-06-26T10:21:45+00:00
CVE-2026-50573,added,2026-06-26,cve_2026_to_now,2026-06-26T10:21:45+00:00
CVE-2026-50739,added,,cve_2026_to_now,2026-06-26T10:21:45+00:00
CVE-2026-50740,added,,cve_2026_to_now,2026-06-26T10:21:45+00:00
CVE-2026-50741,added,,cve_2026_to_now,2026-06-26T10:21:45+00:00
CVE-2026-50742,added,,cve_2026_to_now,2026-06-26T10:21:45+00:00
CVE-2026-50744,added,,cve_2026_to_now,2026-06-26T10:21:45+00:00
CVE-2026-50745,added,,cve_2026_to_now,2026-06-26T10:21:45+00:00
CVE-2026-52690,added,,cve_2026_to_now,2026-06-26T10:21:45+00:00
CVE-2026-52794,updated,2026-06-25,cve_2026_to_now,2026-06-26T10:21:45+00:00
CVE-2026-52795,updated,2026-06-25,cve_2026_to_now,2026-06-26T10:21:45+00:00
CVE-2026-52796,updated,2026-06-25,cve_2026_to_now,2026-06-26T10:21:45+00:00
CVE-2026-52797,updated,2026-06-25,cve_2026_to_now,2026-06-26T10:21:45+00:00
CVE-2026-52798,updated,2026-06-25,cve_2026_to_now,2026-06-26T10:21:45+00:00
CVE-2026-52799,updated,2026-06-25,cve_2026_to_now,2026-06-26T10:21:45+00:00
CVE-2026-52800,updated,2026-06-26,cve_2026_to_now,2026-06-26T10:21:45+00:00
CVE-2026-52801,updated,2026-06-25,cve_2026_to_now,2026-06-26T10:21:45+00:00
CVE-2026-52802,updated,2026-06-25,cve_2026_to_now,2026-06-26T10:21:45+00:00
CVE-2026-52804,updated,2026-06-26,cve_2026_to_now,2026-06-26T10:21:45+00:00
CVE-2026-52805,updated,2026-06-26,cve_2026_to_now,2026-06-26T10:21:45+00:00
CVE-2026-52806,updated,2026-06-26,cve_2026_to_now,2026-06-26T10:21:45+00:00
CVE-2026-52807,updated,2026-06-25,cve_2026_to_now,2026-06-26T10:21:45+00:00
CVE-2026-52808,updated,2026-06-25,cve_2026_to_now,2026-06-26T10:21:45+00:00
CVE-2026-52809,updated,2026-06-26,cve_2026_to_now,2026-06-26T10:21:45+00:00
CVE-2026-52810,updated,2026-06-25,cve_2026_to_now,2026-06-26T10:21:45+00:00
CVE-2026-52811,updated,2026-06-26,cve_2026_to_now,2026-06-26T10:21:45+00:00
CVE-2026-52812,updated,2026-06-25,cve_2026_to_now,2026-06-26T10:21:45+00:00
CVE-2026-52813,updated,2026-06-26,cve_2026_to_now,2026-06-26T10:21:45+00:00
CVE-2026-52814,updated,2026-06-25,cve_2026_to_now,2026-06-26T10:21:45+00:00
CVE-2026-52815,updated,2026-06-25,cve_2026_to_now,2026-06-26T10:21:45+00:00
CVE-2026-52816,updated,2026-06-25,cve_2026_to_now,2026-06-26T10:21:45+00:00
CVE-2026-52846,updated,2026-06-25,cve_2026_to_now,2026-06-26T10:21:45+00:00
CVE-2026-52902,updated,2026-06-25,cve_2026_to_now,2026-06-26T10:21:45+00:00
CVE-2026-53622,updated,2026-06-25,cve_2026_to_now,2026-06-26T10:21:45+00:00
CVE-2026-53766,updated,2026-06-25,cve_2026_to_now,2026-06-26T10:21:45+00:00
CVE-2026-53915,updated,2026-06-25,cve_2026_to_now,2026-06-26T10:21:45+00:00
CVE-2026-53925,added,,cve_2026_to_now,2026-06-26T10:21:45+00:00
CVE-2026-53926,updated,2026-06-25,cve_2026_to_now,2026-06-26T10:21:45+00:00
CVE-2026-53929,updated,2026-06-25,cve_2026_to_now,2026-06-26T10:21:45+00:00
CVE-2026-53945,updated,2026-06-25,cve_2026_to_now,2026-06-26T10:21:45+00:00
CVE-2026-53946,updated,2026-06-25,cve_2026_to_now,2026-06-26T10:21:45+00:00
CVE-2026-53947,updated,2026-06-25,cve_2026_to_now,2026-06-26T10:21:45+00:00
CVE-2026-53948,updated,2026-06-25,cve_2026_to_now,2026-06-26T10:21:45+00:00
CVE-2026-54024,added,,cve_2026_to_now,2026-06-26T10:21:45+00:00
CVE-2026-54025,added,,cve_2026_to_now,2026-06-26T10:21:45+00:00
CVE-2026-54027,added,,cve_2026_to_now,2026-06-26T10:21:45+00:00
CVE-2026-54029,added,,cve_2026_to_now,2026-06-26T10:21:45+00:00
CVE-2026-54030,added,2026-06-26,cve_2026_to_now,2026-06-26T10:21:45+00:00
CVE-2026-54033,added,,cve_2026_to_now,2026-06-26T10:21:45+00:00
CVE-2026-54036,added,,cve_2026_to_now,2026-06-26T10:21:45+00:00
CVE-2026-54037,added,,cve_2026_to_now,2026-06-26T10:21:45+00:00
CVE-2026-54040,added,,cve_2026_to_now,2026-06-26T10:21:45+00:00
CVE-2026-54066,updated,2026-06-25,cve_2026_to_now,2026-06-26T10:21:45+00:00
CVE-2026-54067,updated,2026-06-25,cve_2026_to_now,2026-06-26T10:21:45+00:00
CVE-2026-54068,updated,2026-06-25,cve_2026_to_now,2026-06-26T10:21:45+00:00
CVE-2026-54069,updated,2026-06-25,cve_2026_to_now,2026-06-26T10:21:45+00:00
CVE-2026-54088,added,,cve_2026_to_now,2026-06-26T10:21:45+00:00
CVE-2026-54089,added,,cve_2026_to_now,2026-06-26T10:21:45+00:00
CVE-2026-54090,added,,cve_2026_to_now,2026-06-26T10:21:45+00:00
CVE-2026-54091,added,,cve_2026_to_now,2026-06-26T10:21:45+00:00
CVE-2026-54092,added,2026-06-26,cve_2026_to_now,2026-06-26T10:21:45+00:00
CVE-2026-54093,added,,cve_2026_to_now,2026-06-26T10:21:45+00:00
CVE-2026-54094,added,,cve_2026_to_now,2026-06-26T10:21:45+00:00
CVE-2026-54096,added,,cve_2026_to_now,2026-06-26T10:21:45+00:00
CVE-2026-54097,added,,cve_2026_to_now,2026-06-26T10:21:45+00:00
CVE-2026-54158,updated,2026-06-25,cve_2026_to_now,2026-06-26T10:21:45+00:00
CVE-2026-54226,updated,,cve_2026_to_now,2026-06-26T10:21:45+00:00
CVE-2026-54229,updated,2026-06-25,cve_2026_to_now,2026-06-26T10:21:45+00:00
CVE-2026-54230,updated,2026-06-25,cve_2026_to_now,2026-06-26T10:21:45+00:00
CVE-2026-54250,added,,cve_2026_to_now,2026-06-26T10:21:45+00:00
CVE-2026-54297,updated,2026-06-25,cve_2026_to_now,2026-06-26T10:21:45+00:00
CVE-2026-54321,updated,2026-06-25,cve_2026_to_now,2026-06-26T10:21:45+00:00
CVE-2026-54324,updated,2026-06-25,cve_2026_to_now,2026-06-26T10:21:45+00:00
CVE-2026-54448,added,,cve_2026_to_now,2026-06-26T10:21:45+00:00
CVE-2026-54479,added,,cve_2026_to_now,2026-06-26T10:21:45+00:00
CVE-2026-54514,updated,2026-06-25,cve_2026_to_now,2026-06-26T10:21:45+00:00
CVE-2026-54573,added,,cve_2026_to_now,2026-06-26T10:21:45+00:00
CVE-2026-54679,added,,cve_2026_to_now,2026-06-26T10:21:45+00:00
CVE-2026-54686,updated,2026-06-25,cve_2026_to_now,2026-06-26T10:21:45+00:00
CVE-2026-54699,updated,2026-06-25,cve_2026_to_now,2026-06-26T10:21:45+00:00
CVE-2026-54759,updated,2026-06-25,cve_2026_to_now,2026-06-26T10:21:45+00:00
CVE-2026-54761,updated,2026-06-25,cve_2026_to_now,2026-06-26T10:21:45+00:00
CVE-2026-54821,added,,cve_2026_to_now,2026-06-26T10:21:45+00:00
CVE-2026-54822,added,,cve_2026_to_now,2026-06-26T10:21:45+00:00
CVE-2026-54823,added,,cve_2026_to_now,2026-06-26T10:21:45+00:00
CVE-2026-54828,added,,cve_2026_to_now,2026-06-26T10:21:45+00:00
CVE-2026-54829,added,,cve_2026_to_now,2026-06-26T10:21:45+00:00
CVE-2026-54830,added,,cve_2026_to_now,2026-06-26T10:21:45+00:00
CVE-2026-54836,added,,cve_2026_to_now,2026-06-26T10:21:45+00:00
CVE-2026-54838,added,,cve_2026_to_now,2026-06-26T10:21:45+00:00
CVE-2026-54841,added,,cve_2026_to_now,2026-06-26T10:21:45+00:00
CVE-2026-54842,added,,cve_2026_to_now,2026-06-26T10:21:45+00:00
CVE-2026-54843,added,,cve_2026_to_now,2026-06-26T10:21:45+00:00
CVE-2026-54844,added,,cve_2026_to_now,2026-06-26T10:21:45+00:00
CVE-2026-54845,added,,cve_2026_to_now,2026-06-26T10:21:45+00:00
CVE-2026-54848,added,,cve_2026_to_now,2026-06-26T10:21:45+00:00
CVE-2026-54849,added,,cve_2026_to_now,2026-06-26T10:21:45+00:00
CVE-2026-54904,updated,2026-06-25,cve_2026_to_now,2026-06-26T10:21:45+00:00
CVE-2026-54917,added,,cve_2026_to_now,2026-06-26T10:21:45+00:00
CVE-2026-55092,added,2026-06-26,cve_2026_to_now,2026-06-26T10:21:45+00:00
CVE-2026-55180,added,,cve_2026_to_now,2026-06-26T10:21:45+00:00
CVE-2026-55411,added,,cve_2026_to_now,2026-06-26T10:21:45+00:00
CVE-2026-55412,added,,cve_2026_to_now,2026-06-26T10:21:45+00:00
CVE-2026-55413,added,,cve_2026_to_now,2026-06-26T10:21:45+00:00
CVE-2026-55439,added,,cve_2026_to_now,2026-06-26T10:21:45+00:00
CVE-2026-55454,updated,2026-06-25,cve_2026_to_now,2026-06-26T10:21:45+00:00
CVE-2026-55455,updated,2026-06-25,cve_2026_to_now,2026-06-26T10:21:45+00:00
CVE-2026-55477,added,,cve_2026_to_now,2026-06-26T10:21:45+00:00
CVE-2026-55487,added,,cve_2026_to_now,2026-06-26T10:21:45+00:00
CVE-2026-55570,updated,2026-06-25,cve_2026_to_now,2026-06-26T10:21:45+00:00
CVE-2026-55583,updated,2026-06-25,cve_2026_to_now,2026-06-26T10:21:45+00:00
CVE-2026-55655,updated,2026-06-25,cve_2026_to_now,2026-06-26T10:21:45+00:00
CVE-2026-55666,updated,2026-06-26,cve_2026_to_now,2026-06-26T10:21:45+00:00
CVE-2026-55667,added,2026-06-26,cve_2026_to_now,2026-06-26T10:21:45+00:00
CVE-2026-55693,added,,cve_2026_to_now,2026-06-26T10:21:45+00:00
CVE-2026-55697,added,2026-06-26,cve_2026_to_now,2026-06-26T10:21:45+00:00
CVE-2026-55698,added,2026-06-26,cve_2026_to_now,2026-06-26T10:21:45+00:00
CVE-2026-55699,added,,cve_2026_to_now,2026-06-26T10:21:45+00:00
CVE-2026-55700,added,,cve_2026_to_now,2026-06-26T10:21:45+00:00
CVE-2026-55759,updated,2026-06-26,cve_2026_to_now,2026-06-26T10:21:45+00:00
CVE-2026-55762,updated,2026-06-25,cve_2026_to_now,2026-06-26T10:21:45+00:00
CVE-2026-55892,added,,cve_2026_to_now,2026-06-26T10:21:45+00:00
CVE-2026-55895,added,2026-06-26,cve_2026_to_now,2026-06-26T10:21:45+00:00
CVE-2026-55958,added,,cve_2026_to_now,2026-06-26T10:21:45+00:00
CVE-2026-55960,added,,cve_2026_to_now,2026-06-26T10:21:45+00:00
CVE-2026-55961,added,,cve_2026_to_now,2026-06-26T10:21:45+00:00
CVE-2026-55962,added,,cve_2026_to_now,2026-06-26T10:21:45+00:00
CVE-2026-55964,added,,cve_2026_to_now,2026-06-26T10:21:45+00:00
CVE-2026-55967,added,,cve_2026_to_now,2026-06-26T10:21:45+00:00
CVE-2026-56005,added,,cve_2026_to_now,2026-06-26T10:21:45+00:00
CVE-2026-56006,added,,cve_2026_to_now,2026-06-26T10:21:45+00:00
CVE-2026-56013,added,,cve_2026_to_now,2026-06-26T10:21:45+00:00
CVE-2026-56014,added,,cve_2026_to_now,2026-06-26T10:21:45+00:00
CVE-2026-56023,added,,cve_2026_to_now,2026-06-26T10:21:45+00:00
CVE-2026-56042,added,,cve_2026_to_now,2026-06-26T10:21:45+00:00
CVE-2026-56049,added,,cve_2026_to_now,2026-06-26T10:21:45+00:00
CVE-2026-56050,added,,cve_2026_to_now,2026-06-26T10:21:45+00:00
CVE-2026-56051,added,,cve_2026_to_now,2026-06-26T10:21:45+00:00
CVE-2026-56053,added,,cve_2026_to_now,2026-06-26T10:21:45+00:00
CVE-2026-56054,added,,cve_2026_to_now,2026-06-26T10:21:45+00:00
CVE-2026-56071,added,,cve_2026_to_now,2026-06-26T10:21:45+00:00
CVE-2026-56091,updated,,cve_2026_to_now,2026-06-26T10:21:45+00:00
CVE-2026-56115,updated,2026-06-25,cve_2026_to_now,2026-06-26T10:21:45+00:00
CVE-2026-56121,updated,2026-06-26,cve_2026_to_now,2026-06-26T10:21:45+00:00
CVE-2026-56122,added,,cve_2026_to_now,2026-06-26T10:21:45+00:00
CVE-2026-56123,added,2026-06-26,cve_2026_to_now,2026-06-26T10:21:45+00:00
CVE-2026-56129,updated,,cve_2026_to_now,2026-06-26T10:21:45+00:00
CVE-2026-56130,updated,,cve_2026_to_now,2026-06-26T10:21:45+00:00
CVE-2026-56208,updated,2026-06-25,cve_2026_to_now,2026-06-26T10:21:45+00:00
CVE-2026-56209,updated,2026-06-25,cve_2026_to_now,2026-06-26T10:21:45+00:00
CVE-2026-56211,updated,2026-06-25,cve_2026_to_now,2026-06-26T10:21:45+00:00
CVE-2026-56231,updated,2026-06-25,cve_2026_to_now,2026-06-26T10:21:45+00:00
CVE-2026-56257,updated,2026-06-25,cve_2026_to_now,2026-06-26T10:21:45+00:00
CVE-2026-56310,updated,2026-06-25,cve_2026_to_now,2026-06-26T10:21:45+00:00
CVE-2026-56370,updated,2026-06-25,cve_2026_to_now,2026-06-26T10:21:45+00:00
CVE-2026-56445,added,,cve_2026_to_now,2026-06-26T10:21:45+00:00
CVE-2026-56766,added,,cve_2026_to_now,2026-06-26T10:21:45+00:00
CVE-2026-56767,added,,cve_2026_to_now,2026-06-26T10:21:45+00:00
CVE-2026-56768,added,,cve_2026_to_now,2026-06-26T10:21:45+00:00
CVE-2026-56769,added,,cve_2026_to_now,2026-06-26T10:21:45+00:00
CVE-2026-56770,added,,cve_2026_to_now,2026-06-26T10:21:45+00:00
CVE-2026-56771,added,2026-06-26,cve_2026_to_now,2026-06-26T10:21:45+00:00
CVE-2026-56772,added,,cve_2026_to_now,2026-06-26T10:21:45+00:00
CVE-2026-56774,added,,cve_2026_to_now,2026-06-26T10:21:45+00:00
CVE-2026-56779,added,,cve_2026_to_now,2026-06-26T10:21:45+00:00
CVE-2026-56786,added,,cve_2026_to_now,2026-06-26T10:21:45+00:00
CVE-2026-56787,added,,cve_2026_to_now,2026-06-26T10:21:45+00:00
CVE-2026-56788,added,,cve_2026_to_now,2026-06-26T10:21:45+00:00
CVE-2026-56789,added,,cve_2026_to_now,2026-06-26T10:21:45+00:00
CVE-2026-56790,added,,cve_2026_to_now,2026-06-26T10:21:45+00:00
CVE-2026-57234,added,,cve_2026_to_now,2026-06-26T10:21:45+00:00
CVE-2026-57235,added,,cve_2026_to_now,2026-06-26T10:21:45+00:00
CVE-2026-57236,added,,cve_2026_to_now,2026-06-26T10:21:45+00:00
CVE-2026-57429,added,,cve_2026_to_now,2026-06-26T10:21:45+00:00
CVE-2026-57434,added,,cve_2026_to_now,2026-06-26T10:21:45+00:00
CVE-2026-57435,added,,cve_2026_to_now,2026-06-26T10:21:45+00:00
CVE-2026-57436,added,,cve_2026_to_now,2026-06-26T10:21:45+00:00
CVE-2026-57437,added,,cve_2026_to_now,2026-06-26T10:21:45+00:00
CVE-2026-57438,added,,cve_2026_to_now,2026-06-26T10:21:45+00:00
CVE-2026-57451,added,,cve_2026_to_now,2026-06-26T10:21:45+00:00
CVE-2026-57452,added,,cve_2026_to_now,2026-06-26T10:21:45+00:00
CVE-2026-57453,added,2026-06-26,cve_2026_to_now,2026-06-26T10:21:45+00:00
CVE-2026-57454,added,,cve_2026_to_now,2026-06-26T10:21:45+00:00
CVE-2026-57455,added,,cve_2026_to_now,2026-06-26T10:21:45+00:00
CVE-2026-57456,added,2026-06-26,cve_2026_to_now,2026-06-26T10:21:45+00:00
CVE-2026-57520,added,,cve_2026_to_now,2026-06-26T10:21:45+00:00
CVE-2026-57521,added,,cve_2026_to_now,2026-06-26T10:21:45+00:00
CVE-2026-57522,added,,cve_2026_to_now,2026-06-26T10:21:45+00:00
CVE-2026-57532,added,,cve_2026_to_now,2026-06-26T10:21:45+00:00
CVE-2026-57533,added,,cve_2026_to_now,2026-06-26T10:21:45+00:00
CVE-2026-57534,added,,cve_2026_to_now,2026-06-26T10:21:45+00:00
CVE-2026-57535,added,,cve_2026_to_now,2026-06-26T10:21:45+00:00
CVE-2026-57536,added,,cve_2026_to_now,2026-06-26T10:21:45+00:00
CVE-2026-57587,added,,cve_2026_to_now,2026-06-26T10:21:45+00:00
CVE-2026-57588,added,,cve_2026_to_now,2026-06-26T10:21:45+00:00
CVE-2026-57589,updated,2026-06-26,cve_2026_to_now,2026-06-26T10:21:45+00:00
CVE-2026-57619,added,,cve_2026_to_now,2026-06-26T10:21:45+00:00
CVE-2026-57700,added,,cve_2026_to_now,2026-06-26T10:21:45+00:00
CVE-2026-57872,added,,cve_2026_to_now,2026-06-26T10:21:45+00:00
CVE-2026-57873,added,,cve_2026_to_now,2026-06-26T10:21:45+00:00
CVE-2026-57874,added,,cve_2026_to_now,2026-06-26T10:21:45+00:00
CVE-2026-57875,added,,cve_2026_to_now,2026-06-26T10:21:45+00:00
CVE-2026-57876,added,,cve_2026_to_now,2026-06-26T10:21:45+00:00
CVE-2026-57877,added,,cve_2026_to_now,2026-06-26T10:21:45+00:00
CVE-2026-57878,added,,cve_2026_to_now,2026-06-26T10:21:45+00:00
CVE-2026-57879,added,,cve_2026_to_now,2026-06-26T10:21:45+00:00
CVE-2026-57880,added,,cve_2026_to_now,2026-06-26T10:21:45+00:00
CVE-2026-57881,added,,cve_2026_to_now,2026-06-26T10:21:45+00:00
