cve_id,change_type,date_updated,shard,run_utc
CVE-2023-53706,updated,2026-08-23,cve_2023_to_2025,2026-08-24T07:54:28+00:00
CVE-2024-11831,updated,2026-08-23,cve_2023_to_2025,2026-08-24T07:54:28+00:00
CVE-2024-38620,updated,2026-08-23,cve_2023_to_2025,2026-08-24T07:54:28+00:00
CVE-2024-40973,updated,2026-08-23,cve_2023_to_2025,2026-08-24T07:54:28+00:00
CVE-2024-45497,updated,2026-08-23,cve_2023_to_2025,2026-08-24T07:54:28+00:00
CVE-2025-1022,updated,2026-08-23,cve_2023_to_2025,2026-08-24T07:54:28+00:00
CVE-2025-1244,updated,2026-08-23,cve_2023_to_2025,2026-08-24T07:54:28+00:00
CVE-2025-2786,updated,2026-08-23,cve_2023_to_2025,2026-08-24T07:54:28+00:00
CVE-2025-2842,updated,2026-08-23,cve_2023_to_2025,2026-08-24T07:54:28+00:00
CVE-2025-5278,updated,2026-08-23,cve_2023_to_2025,2026-08-24T07:54:28+00:00
CVE-2025-5318,updated,2026-08-23,cve_2023_to_2025,2026-08-24T07:54:28+00:00
CVE-2025-5914,updated,2026-08-23,cve_2023_to_2025,2026-08-24T07:54:28+00:00
CVE-2025-7195,updated,2026-08-23,cve_2023_to_2025,2026-08-24T07:54:28+00:00
CVE-2025-7425,updated,2026-08-23,cve_2023_to_2025,2026-08-24T07:54:28+00:00
CVE-2025-23160,updated,2026-08-23,cve_2023_to_2025,2026-08-24T07:54:28+00:00
CVE-2025-38117,updated,2026-08-23,cve_2023_to_2025,2026-08-24T07:54:28+00:00
CVE-2025-38524,updated,2026-08-23,cve_2023_to_2025,2026-08-24T07:54:28+00:00
CVE-2025-39758,updated,2026-08-23,cve_2023_to_2025,2026-08-24T07:54:28+00:00
CVE-2025-40054,updated,2026-08-23,cve_2023_to_2025,2026-08-24T07:54:28+00:00
CVE-2025-40206,updated,2026-08-23,cve_2023_to_2025,2026-08-24T07:54:28+00:00
CVE-2025-49794,updated,2026-08-23,cve_2023_to_2025,2026-08-24T07:54:28+00:00
CVE-2025-49796,updated,2026-08-23,cve_2023_to_2025,2026-08-24T07:54:28+00:00
CVE-2025-68305,updated,2026-08-23,cve_2023_to_2025,2026-08-24T07:54:28+00:00
CVE-2026-1615,updated,2026-08-23,cve_2026_to_now,2026-08-24T07:54:28+00:00
CVE-2026-1784,updated,2026-08-24,cve_2026_to_now,2026-08-24T07:54:28+00:00
CVE-2026-2100,updated,2026-08-23,cve_2026_to_now,2026-08-24T07:54:28+00:00
CVE-2026-4671,added,,cve_2026_to_now,2026-08-24T07:54:28+00:00
CVE-2026-4740,updated,2026-08-24,cve_2026_to_now,2026-08-24T07:54:28+00:00
CVE-2026-4878,updated,2026-08-23,cve_2026_to_now,2026-08-24T07:54:28+00:00
CVE-2026-5388,added,,cve_2026_to_now,2026-08-24T07:54:28+00:00
CVE-2026-5389,added,,cve_2026_to_now,2026-08-24T07:54:28+00:00
CVE-2026-5751,added,,cve_2026_to_now,2026-08-24T07:54:28+00:00
CVE-2026-6827,added,,cve_2026_to_now,2026-08-24T07:54:28+00:00
CVE-2026-7374,updated,2026-08-23,cve_2026_to_now,2026-08-24T07:54:28+00:00
CVE-2026-7808,added,,cve_2026_to_now,2026-08-24T07:54:28+00:00
CVE-2026-8173,added,,cve_2026_to_now,2026-08-24T07:54:28+00:00
CVE-2026-8445,added,,cve_2026_to_now,2026-08-24T07:54:28+00:00
CVE-2026-8630,added,,cve_2026_to_now,2026-08-24T07:54:28+00:00
CVE-2026-8657,updated,2026-08-23,cve_2026_to_now,2026-08-24T07:54:28+00:00
CVE-2026-9769,added,,cve_2026_to_now,2026-08-24T07:54:28+00:00
CVE-2026-9804,updated,2026-08-23,cve_2026_to_now,2026-08-24T07:54:28+00:00
CVE-2026-10053,added,,cve_2026_to_now,2026-08-24T07:54:28+00:00
CVE-2026-10840,updated,2026-08-23,cve_2026_to_now,2026-08-24T07:54:28+00:00
CVE-2026-12912,updated,2026-08-24,cve_2026_to_now,2026-08-24T07:54:28+00:00
CVE-2026-13201,updated,2026-08-23,cve_2026_to_now,2026-08-24T07:54:28+00:00
CVE-2026-13622,updated,2026-08-23,cve_2026_to_now,2026-08-24T07:54:28+00:00
CVE-2026-14164,updated,2026-08-24,cve_2026_to_now,2026-08-24T07:54:28+00:00
CVE-2026-14187,updated,2026-08-23,cve_2026_to_now,2026-08-24T07:54:28+00:00
CVE-2026-14853,updated,,cve_2026_to_now,2026-08-24T07:54:28+00:00
CVE-2026-15706,updated,2026-08-24,cve_2026_to_now,2026-08-24T07:54:28+00:00
CVE-2026-15927,updated,2026-08-23,cve_2026_to_now,2026-08-24T07:54:28+00:00
CVE-2026-16242,updated,2026-08-24,cve_2026_to_now,2026-08-24T07:54:28+00:00
CVE-2026-16260,updated,2026-08-23,cve_2026_to_now,2026-08-24T07:54:28+00:00
CVE-2026-16612,updated,2026-08-23,cve_2026_to_now,2026-08-24T07:54:28+00:00
CVE-2026-16738,updated,2026-08-23,cve_2026_to_now,2026-08-24T07:54:28+00:00
CVE-2026-17107,updated,2026-08-24,cve_2026_to_now,2026-08-24T07:54:28+00:00
CVE-2026-18052,updated,2026-08-23,cve_2026_to_now,2026-08-24T07:54:28+00:00
CVE-2026-18652,updated,2026-08-24,cve_2026_to_now,2026-08-24T07:54:28+00:00
CVE-2026-19093,updated,2026-08-23,cve_2026_to_now,2026-08-24T07:54:28+00:00
CVE-2026-19200,added,,cve_2026_to_now,2026-08-24T07:54:28+00:00
CVE-2026-19221,updated,2026-08-23,cve_2026_to_now,2026-08-24T07:54:28+00:00
CVE-2026-19222,updated,2026-08-23,cve_2026_to_now,2026-08-24T07:54:28+00:00
CVE-2026-19565,added,,cve_2026_to_now,2026-08-24T07:54:28+00:00
CVE-2026-19852,added,,cve_2026_to_now,2026-08-24T07:54:28+00:00
CVE-2026-19853,added,,cve_2026_to_now,2026-08-24T07:54:28+00:00
CVE-2026-23385,updated,2026-08-23,cve_2026_to_now,2026-08-24T07:54:28+00:00
CVE-2026-23459,updated,2026-08-23,cve_2026_to_now,2026-08-24T07:54:28+00:00
CVE-2026-31419,updated,2026-08-23,cve_2026_to_now,2026-08-24T07:54:28+00:00
CVE-2026-41992,updated,,cve_2026_to_now,2026-08-24T07:54:28+00:00
CVE-2026-42965,updated,2026-08-23,cve_2026_to_now,2026-08-24T07:54:28+00:00
CVE-2026-46579,updated,2026-08-23,cve_2026_to_now,2026-08-24T07:54:28+00:00
CVE-2026-49332,updated,2026-08-24,cve_2026_to_now,2026-08-24T07:54:28+00:00
CVE-2026-50236,updated,2026-08-24,cve_2026_to_now,2026-08-24T07:54:28+00:00
CVE-2026-50237,updated,2026-08-24,cve_2026_to_now,2026-08-24T07:54:28+00:00
CVE-2026-50540,updated,2026-08-12,cve_2026_to_now,2026-08-24T07:54:28+00:00
CVE-2026-53092,updated,2026-08-23,cve_2026_to_now,2026-08-24T07:54:28+00:00
CVE-2026-59561,added,,cve_2026_to_now,2026-08-24T07:54:28+00:00
CVE-2026-64048,updated,2026-08-23,cve_2026_to_now,2026-08-24T07:54:28+00:00
CVE-2026-64139,updated,2026-08-23,cve_2026_to_now,2026-08-24T07:54:28+00:00
CVE-2026-64192,updated,2026-08-23,cve_2026_to_now,2026-08-24T07:54:28+00:00
CVE-2026-64269,updated,2026-08-23,cve_2026_to_now,2026-08-24T07:54:28+00:00
CVE-2026-64270,updated,2026-08-23,cve_2026_to_now,2026-08-24T07:54:28+00:00
CVE-2026-64272,updated,2026-08-23,cve_2026_to_now,2026-08-24T07:54:28+00:00
CVE-2026-64280,updated,2026-08-23,cve_2026_to_now,2026-08-24T07:54:28+00:00
CVE-2026-64294,updated,2026-08-23,cve_2026_to_now,2026-08-24T07:54:28+00:00
CVE-2026-64336,updated,2026-08-23,cve_2026_to_now,2026-08-24T07:54:28+00:00
CVE-2026-64583,updated,2026-08-23,cve_2026_to_now,2026-08-24T07:54:28+00:00
CVE-2026-64585,updated,2026-08-23,cve_2026_to_now,2026-08-24T07:54:28+00:00
CVE-2026-64586,updated,2026-08-23,cve_2026_to_now,2026-08-24T07:54:28+00:00
CVE-2026-64590,updated,2026-08-23,cve_2026_to_now,2026-08-24T07:54:28+00:00
CVE-2026-68082,updated,2026-08-23,cve_2026_to_now,2026-08-24T07:54:28+00:00
CVE-2026-68096,updated,2026-08-23,cve_2026_to_now,2026-08-24T07:54:28+00:00
CVE-2026-68099,updated,2026-08-23,cve_2026_to_now,2026-08-24T07:54:28+00:00
CVE-2026-68100,updated,2026-08-23,cve_2026_to_now,2026-08-24T07:54:28+00:00
CVE-2026-68118,updated,2026-08-23,cve_2026_to_now,2026-08-24T07:54:28+00:00
CVE-2026-68130,updated,2026-08-23,cve_2026_to_now,2026-08-24T07:54:28+00:00
CVE-2026-68132,updated,2026-08-23,cve_2026_to_now,2026-08-24T07:54:28+00:00
CVE-2026-68136,updated,2026-08-23,cve_2026_to_now,2026-08-24T07:54:28+00:00
CVE-2026-68138,updated,2026-08-23,cve_2026_to_now,2026-08-24T07:54:28+00:00
CVE-2026-68145,updated,2026-08-23,cve_2026_to_now,2026-08-24T07:54:28+00:00
CVE-2026-68146,updated,2026-08-23,cve_2026_to_now,2026-08-24T07:54:28+00:00
CVE-2026-68150,updated,2026-08-23,cve_2026_to_now,2026-08-24T07:54:28+00:00
CVE-2026-68159,updated,2026-08-23,cve_2026_to_now,2026-08-24T07:54:28+00:00
CVE-2026-68162,updated,2026-08-23,cve_2026_to_now,2026-08-24T07:54:28+00:00
CVE-2026-68166,updated,2026-08-23,cve_2026_to_now,2026-08-24T07:54:28+00:00
CVE-2026-68169,updated,2026-08-23,cve_2026_to_now,2026-08-24T07:54:28+00:00
CVE-2026-68181,updated,2026-08-23,cve_2026_to_now,2026-08-24T07:54:28+00:00
CVE-2026-68198,updated,2026-08-23,cve_2026_to_now,2026-08-24T07:54:28+00:00
CVE-2026-68202,updated,2026-08-23,cve_2026_to_now,2026-08-24T07:54:28+00:00
CVE-2026-68205,updated,2026-08-23,cve_2026_to_now,2026-08-24T07:54:28+00:00
CVE-2026-68253,updated,2026-08-23,cve_2026_to_now,2026-08-24T07:54:28+00:00
CVE-2026-68254,updated,2026-08-23,cve_2026_to_now,2026-08-24T07:54:28+00:00
CVE-2026-68255,updated,2026-08-23,cve_2026_to_now,2026-08-24T07:54:28+00:00
CVE-2026-68277,updated,2026-08-23,cve_2026_to_now,2026-08-24T07:54:28+00:00
CVE-2026-68278,updated,2026-08-23,cve_2026_to_now,2026-08-24T07:54:28+00:00
CVE-2026-68279,updated,2026-08-23,cve_2026_to_now,2026-08-24T07:54:28+00:00
CVE-2026-68280,updated,2026-08-23,cve_2026_to_now,2026-08-24T07:54:28+00:00
CVE-2026-68367,updated,2026-08-23,cve_2026_to_now,2026-08-24T07:54:28+00:00
CVE-2026-68371,updated,2026-08-23,cve_2026_to_now,2026-08-24T07:54:28+00:00
CVE-2026-68392,updated,2026-08-23,cve_2026_to_now,2026-08-24T07:54:28+00:00
CVE-2026-68431,updated,2026-08-23,cve_2026_to_now,2026-08-24T07:54:28+00:00
CVE-2026-68434,updated,2026-08-23,cve_2026_to_now,2026-08-24T07:54:28+00:00
CVE-2026-72012,updated,2026-08-23,cve_2026_to_now,2026-08-24T07:54:28+00:00
CVE-2026-72015,updated,2026-08-23,cve_2026_to_now,2026-08-24T07:54:28+00:00
CVE-2026-72017,updated,2026-08-23,cve_2026_to_now,2026-08-24T07:54:28+00:00
CVE-2026-72023,updated,2026-08-23,cve_2026_to_now,2026-08-24T07:54:28+00:00
CVE-2026-72030,updated,2026-08-23,cve_2026_to_now,2026-08-24T07:54:28+00:00
CVE-2026-72035,updated,2026-08-23,cve_2026_to_now,2026-08-24T07:54:28+00:00
CVE-2026-72040,updated,2026-08-23,cve_2026_to_now,2026-08-24T07:54:28+00:00
CVE-2026-72041,updated,2026-08-23,cve_2026_to_now,2026-08-24T07:54:28+00:00
CVE-2026-72045,updated,2026-08-23,cve_2026_to_now,2026-08-24T07:54:28+00:00
CVE-2026-72051,updated,2026-08-23,cve_2026_to_now,2026-08-24T07:54:28+00:00
CVE-2026-72053,updated,2026-08-23,cve_2026_to_now,2026-08-24T07:54:28+00:00
CVE-2026-72057,updated,2026-08-23,cve_2026_to_now,2026-08-24T07:54:28+00:00
CVE-2026-72058,updated,2026-08-23,cve_2026_to_now,2026-08-24T07:54:28+00:00
CVE-2026-72062,updated,2026-08-23,cve_2026_to_now,2026-08-24T07:54:28+00:00
CVE-2026-72063,updated,2026-08-23,cve_2026_to_now,2026-08-24T07:54:28+00:00
CVE-2026-72065,updated,2026-08-23,cve_2026_to_now,2026-08-24T07:54:28+00:00
CVE-2026-72069,updated,2026-08-23,cve_2026_to_now,2026-08-24T07:54:28+00:00
CVE-2026-72070,updated,2026-08-23,cve_2026_to_now,2026-08-24T07:54:28+00:00
CVE-2026-72075,updated,2026-08-23,cve_2026_to_now,2026-08-24T07:54:28+00:00
CVE-2026-72077,updated,2026-08-23,cve_2026_to_now,2026-08-24T07:54:28+00:00
CVE-2026-72084,updated,2026-08-23,cve_2026_to_now,2026-08-24T07:54:28+00:00
CVE-2026-72087,updated,2026-08-23,cve_2026_to_now,2026-08-24T07:54:28+00:00
CVE-2026-72096,updated,2026-08-23,cve_2026_to_now,2026-08-24T07:54:28+00:00
CVE-2026-72099,updated,2026-08-23,cve_2026_to_now,2026-08-24T07:54:28+00:00
CVE-2026-72110,updated,2026-08-23,cve_2026_to_now,2026-08-24T07:54:28+00:00
CVE-2026-72142,updated,2026-08-23,cve_2026_to_now,2026-08-24T07:54:28+00:00
CVE-2026-72148,updated,2026-08-23,cve_2026_to_now,2026-08-24T07:54:28+00:00
CVE-2026-72152,updated,2026-08-23,cve_2026_to_now,2026-08-24T07:54:28+00:00
CVE-2026-72155,updated,2026-08-23,cve_2026_to_now,2026-08-24T07:54:28+00:00
CVE-2026-72157,updated,2026-08-23,cve_2026_to_now,2026-08-24T07:54:28+00:00
CVE-2026-72166,updated,2026-08-23,cve_2026_to_now,2026-08-24T07:54:28+00:00
CVE-2026-72168,updated,2026-08-23,cve_2026_to_now,2026-08-24T07:54:28+00:00
CVE-2026-72170,updated,2026-08-23,cve_2026_to_now,2026-08-24T07:54:28+00:00
CVE-2026-72172,updated,2026-08-23,cve_2026_to_now,2026-08-24T07:54:28+00:00
CVE-2026-72191,updated,2026-08-23,cve_2026_to_now,2026-08-24T07:54:28+00:00
CVE-2026-72216,updated,2026-08-23,cve_2026_to_now,2026-08-24T07:54:28+00:00
CVE-2026-72225,updated,2026-08-23,cve_2026_to_now,2026-08-24T07:54:28+00:00
CVE-2026-72236,updated,2026-08-23,cve_2026_to_now,2026-08-24T07:54:28+00:00
CVE-2026-72242,updated,2026-08-23,cve_2026_to_now,2026-08-24T07:54:28+00:00
CVE-2026-72252,updated,2026-08-23,cve_2026_to_now,2026-08-24T07:54:28+00:00
CVE-2026-72253,updated,2026-08-23,cve_2026_to_now,2026-08-24T07:54:28+00:00
CVE-2026-72255,updated,2026-08-23,cve_2026_to_now,2026-08-24T07:54:28+00:00
CVE-2026-72260,updated,2026-08-23,cve_2026_to_now,2026-08-24T07:54:28+00:00
CVE-2026-72262,updated,2026-08-23,cve_2026_to_now,2026-08-24T07:54:28+00:00
CVE-2026-72299,updated,2026-08-23,cve_2026_to_now,2026-08-24T07:54:28+00:00
CVE-2026-72305,updated,2026-08-23,cve_2026_to_now,2026-08-24T07:54:28+00:00
CVE-2026-72308,updated,2026-08-23,cve_2026_to_now,2026-08-24T07:54:28+00:00
CVE-2026-74432,updated,2026-08-23,cve_2026_to_now,2026-08-24T07:54:28+00:00
CVE-2026-74436,updated,2026-08-23,cve_2026_to_now,2026-08-24T07:54:28+00:00
CVE-2026-74441,updated,2026-08-23,cve_2026_to_now,2026-08-24T07:54:28+00:00
CVE-2026-74450,updated,2026-08-23,cve_2026_to_now,2026-08-24T07:54:28+00:00
CVE-2026-74470,updated,2026-08-23,cve_2026_to_now,2026-08-24T07:54:28+00:00
CVE-2026-74474,updated,2026-08-23,cve_2026_to_now,2026-08-24T07:54:28+00:00
CVE-2026-74476,updated,2026-08-23,cve_2026_to_now,2026-08-24T07:54:28+00:00
CVE-2026-74479,updated,2026-08-23,cve_2026_to_now,2026-08-24T07:54:28+00:00
CVE-2026-74483,updated,2026-08-23,cve_2026_to_now,2026-08-24T07:54:28+00:00
CVE-2026-74486,updated,2026-08-23,cve_2026_to_now,2026-08-24T07:54:28+00:00
CVE-2026-74487,updated,2026-08-23,cve_2026_to_now,2026-08-24T07:54:28+00:00
CVE-2026-74494,updated,2026-08-23,cve_2026_to_now,2026-08-24T07:54:28+00:00
CVE-2026-74508,updated,2026-08-23,cve_2026_to_now,2026-08-24T07:54:28+00:00
CVE-2026-74509,updated,2026-08-23,cve_2026_to_now,2026-08-24T07:54:28+00:00
CVE-2026-74510,updated,2026-08-23,cve_2026_to_now,2026-08-24T07:54:28+00:00
CVE-2026-74514,updated,2026-08-23,cve_2026_to_now,2026-08-24T07:54:28+00:00
CVE-2026-74517,updated,2026-08-23,cve_2026_to_now,2026-08-24T07:54:28+00:00
CVE-2026-74531,updated,2026-08-23,cve_2026_to_now,2026-08-24T07:54:28+00:00
CVE-2026-74575,updated,2026-08-23,cve_2026_to_now,2026-08-24T07:54:28+00:00
CVE-2026-74593,updated,2026-08-23,cve_2026_to_now,2026-08-24T07:54:28+00:00
CVE-2026-74594,updated,2026-08-23,cve_2026_to_now,2026-08-24T07:54:28+00:00
CVE-2026-74595,updated,2026-08-23,cve_2026_to_now,2026-08-24T07:54:28+00:00
CVE-2026-74599,updated,2026-08-23,cve_2026_to_now,2026-08-24T07:54:28+00:00
CVE-2026-74600,updated,2026-08-23,cve_2026_to_now,2026-08-24T07:54:28+00:00
CVE-2026-74601,updated,2026-08-23,cve_2026_to_now,2026-08-24T07:54:28+00:00
CVE-2026-74602,updated,2026-08-23,cve_2026_to_now,2026-08-24T07:54:28+00:00
CVE-2026-74607,updated,2026-08-23,cve_2026_to_now,2026-08-24T07:54:28+00:00
CVE-2026-74612,updated,2026-08-23,cve_2026_to_now,2026-08-24T07:54:28+00:00
CVE-2026-74620,updated,2026-08-23,cve_2026_to_now,2026-08-24T07:54:28+00:00
CVE-2026-74621,updated,2026-08-23,cve_2026_to_now,2026-08-24T07:54:28+00:00
CVE-2026-74623,updated,2026-08-23,cve_2026_to_now,2026-08-24T07:54:28+00:00
CVE-2026-74624,updated,2026-08-23,cve_2026_to_now,2026-08-24T07:54:28+00:00
CVE-2026-74626,updated,2026-08-23,cve_2026_to_now,2026-08-24T07:54:28+00:00
CVE-2026-74628,updated,2026-08-23,cve_2026_to_now,2026-08-24T07:54:28+00:00
CVE-2026-74631,updated,2026-08-23,cve_2026_to_now,2026-08-24T07:54:28+00:00
CVE-2026-74632,updated,2026-08-23,cve_2026_to_now,2026-08-24T07:54:28+00:00
CVE-2026-74637,updated,2026-08-23,cve_2026_to_now,2026-08-24T07:54:28+00:00
CVE-2026-74641,updated,2026-08-23,cve_2026_to_now,2026-08-24T07:54:28+00:00
CVE-2026-74644,updated,2026-08-23,cve_2026_to_now,2026-08-24T07:54:28+00:00
CVE-2026-74672,updated,2026-08-23,cve_2026_to_now,2026-08-24T07:54:28+00:00
CVE-2026-74684,updated,2026-08-23,cve_2026_to_now,2026-08-24T07:54:28+00:00
CVE-2026-74793,added,,cve_2026_to_now,2026-08-24T07:54:28+00:00
CVE-2026-75922,added,,cve_2026_to_now,2026-08-24T07:54:28+00:00
CVE-2026-76571,updated,2026-08-23,cve_2026_to_now,2026-08-24T07:54:28+00:00
CVE-2026-76602,updated,2026-08-23,cve_2026_to_now,2026-08-24T07:54:28+00:00
CVE-2026-76603,updated,2026-08-23,cve_2026_to_now,2026-08-24T07:54:28+00:00
CVE-2026-76604,updated,2026-08-23,cve_2026_to_now,2026-08-24T07:54:28+00:00
CVE-2026-76605,updated,2026-08-23,cve_2026_to_now,2026-08-24T07:54:28+00:00
CVE-2026-76606,updated,2026-08-23,cve_2026_to_now,2026-08-24T07:54:28+00:00
CVE-2026-76607,updated,2026-08-23,cve_2026_to_now,2026-08-24T07:54:28+00:00
CVE-2026-76613,updated,2026-08-23,cve_2026_to_now,2026-08-24T07:54:28+00:00
CVE-2026-76789,updated,2026-08-23,cve_2026_to_now,2026-08-24T07:54:28+00:00
CVE-2026-76793,updated,2026-08-23,cve_2026_to_now,2026-08-24T07:54:28+00:00
CVE-2026-77000,updated,2026-08-23,cve_2026_to_now,2026-08-24T07:54:28+00:00
CVE-2026-77001,updated,2026-08-23,cve_2026_to_now,2026-08-24T07:54:28+00:00
CVE-2026-77002,updated,2026-08-23,cve_2026_to_now,2026-08-24T07:54:28+00:00
CVE-2026-77003,updated,,cve_2026_to_now,2026-08-24T07:54:28+00:00
CVE-2026-77088,added,,cve_2026_to_now,2026-08-24T07:54:28+00:00
CVE-2026-77115,updated,,cve_2026_to_now,2026-08-24T07:54:28+00:00
CVE-2026-77116,updated,,cve_2026_to_now,2026-08-24T07:54:28+00:00
CVE-2026-77812,updated,2026-08-24,cve_2026_to_now,2026-08-24T07:54:28+00:00
CVE-2026-78112,added,,cve_2026_to_now,2026-08-24T07:54:28+00:00
CVE-2026-78115,added,,cve_2026_to_now,2026-08-24T07:54:28+00:00
CVE-2026-78140,added,,cve_2026_to_now,2026-08-24T07:54:28+00:00
CVE-2026-78141,added,,cve_2026_to_now,2026-08-24T07:54:28+00:00
CVE-2026-78142,added,,cve_2026_to_now,2026-08-24T07:54:28+00:00
CVE-2026-78143,added,,cve_2026_to_now,2026-08-24T07:54:28+00:00
CVE-2026-78144,added,,cve_2026_to_now,2026-08-24T07:54:28+00:00
CVE-2026-78145,added,,cve_2026_to_now,2026-08-24T07:54:28+00:00
CVE-2026-78147,added,,cve_2026_to_now,2026-08-24T07:54:28+00:00
CVE-2026-78148,added,,cve_2026_to_now,2026-08-24T07:54:28+00:00
CVE-2026-78154,added,,cve_2026_to_now,2026-08-24T07:54:28+00:00
CVE-2026-78155,added,,cve_2026_to_now,2026-08-24T07:54:28+00:00
CVE-2026-78156,added,,cve_2026_to_now,2026-08-24T07:54:28+00:00
CVE-2026-78157,added,,cve_2026_to_now,2026-08-24T07:54:28+00:00
CVE-2026-78158,added,,cve_2026_to_now,2026-08-24T07:54:28+00:00
CVE-2026-78160,added,,cve_2026_to_now,2026-08-24T07:54:28+00:00
CVE-2026-78161,added,,cve_2026_to_now,2026-08-24T07:54:28+00:00
CVE-2026-78166,added,,cve_2026_to_now,2026-08-24T07:54:28+00:00
CVE-2026-78167,added,,cve_2026_to_now,2026-08-24T07:54:28+00:00
CVE-2026-78168,added,,cve_2026_to_now,2026-08-24T07:54:28+00:00
CVE-2026-78169,added,,cve_2026_to_now,2026-08-24T07:54:28+00:00
CVE-2026-78170,added,,cve_2026_to_now,2026-08-24T07:54:28+00:00
CVE-2026-78171,added,,cve_2026_to_now,2026-08-24T07:54:28+00:00
CVE-2026-78177,added,,cve_2026_to_now,2026-08-24T07:54:28+00:00
CVE-2026-78178,added,,cve_2026_to_now,2026-08-24T07:54:28+00:00
CVE-2026-78179,added,,cve_2026_to_now,2026-08-24T07:54:28+00:00
CVE-2026-78180,added,,cve_2026_to_now,2026-08-24T07:54:28+00:00
CVE-2026-78181,added,,cve_2026_to_now,2026-08-24T07:54:28+00:00
CVE-2026-78182,added,,cve_2026_to_now,2026-08-24T07:54:28+00:00
CVE-2026-78183,added,,cve_2026_to_now,2026-08-24T07:54:28+00:00
CVE-2026-78185,added,,cve_2026_to_now,2026-08-24T07:54:28+00:00
CVE-2026-78186,added,,cve_2026_to_now,2026-08-24T07:54:28+00:00
CVE-2026-78187,added,,cve_2026_to_now,2026-08-24T07:54:28+00:00
CVE-2026-78196,added,,cve_2026_to_now,2026-08-24T07:54:28+00:00
CVE-2026-78197,added,,cve_2026_to_now,2026-08-24T07:54:28+00:00
CVE-2026-78198,added,,cve_2026_to_now,2026-08-24T07:54:28+00:00
CVE-2026-78199,added,,cve_2026_to_now,2026-08-24T07:54:28+00:00
CVE-2026-78200,added,,cve_2026_to_now,2026-08-24T07:54:28+00:00
CVE-2026-78201,added,,cve_2026_to_now,2026-08-24T07:54:28+00:00
CVE-2026-78202,added,,cve_2026_to_now,2026-08-24T07:54:28+00:00
CVE-2026-78203,added,,cve_2026_to_now,2026-08-24T07:54:28+00:00
CVE-2026-78204,added,,cve_2026_to_now,2026-08-24T07:54:28+00:00
CVE-2026-78205,added,,cve_2026_to_now,2026-08-24T07:54:28+00:00
CVE-2026-78206,added,,cve_2026_to_now,2026-08-24T07:54:28+00:00
CVE-2026-78207,added,,cve_2026_to_now,2026-08-24T07:54:28+00:00
CVE-2026-78208,added,,cve_2026_to_now,2026-08-24T07:54:28+00:00
CVE-2026-78209,added,,cve_2026_to_now,2026-08-24T07:54:28+00:00
CVE-2026-78211,added,,cve_2026_to_now,2026-08-24T07:54:28+00:00
CVE-2026-78212,added,,cve_2026_to_now,2026-08-24T07:54:28+00:00
CVE-2026-78213,added,,cve_2026_to_now,2026-08-24T07:54:28+00:00
CVE-2026-78251,added,,cve_2026_to_now,2026-08-24T07:54:28+00:00
CVE-2026-78255,added,,cve_2026_to_now,2026-08-24T07:54:28+00:00
